{"cameraMode":{"drawMode":0,"name":"Shaded","section":"Shading Mode"},"sceneLighting":false,"audioPlay":false,"sceneViewState":{"m_AlwaysRefresh":false,"showFog":true,"showSkybox":false,"showFlares":true,"showImageEffects":true,"showParticleSystems":true,"showVisualEffectGraphs":true,"m_FxEnabled":true},"in2DMode":false,"pivot":{"x":5.960464477539063e-8,"y":0.09000003337860108,"z":-0.19000007212162019},"rotation":{"x":-0.11656658351421356,"y":0.49980002641677859,"z":-0.06792526692152024,"w":-0.8556991815567017},"size":1.2247449159622193,"orthographic":false}